date,country
2026-01-01,tf
2026-01-02,ai
2026-01-03,tw
2026-01-04,pm
2026-01-05,gt
2026-01-06,ge
2026-01-07,tt
2026-01-08,gi
2026-01-09,ga
2026-01-10,bf
2026-01-11,bz
2026-01-12,es
2026-01-13,qa
2026-01-14,af
2026-01-15,lk
2026-01-16,mv
2026-01-17,jm
2026-01-18,sb
2026-01-19,mf
2026-01-20,sn
2026-01-21,sc
2026-01-22,tg
2026-01-23,pt
2026-01-24,kh
2026-01-25,bh
2026-01-26,sr
2026-01-27,gn
2026-01-28,fk
2026-01-29,mg
2026-01-30,dj
2026-01-31,cz
2026-02-01,ch
2026-02-02,be
2026-02-03,bs
2026-02-04,er
2026-02-05,ag
2026-02-06,dm
2026-02-07,do
2026-02-08,br
2026-02-09,dk
2026-02-10,bo
2026-02-11,gy
2026-02-12,uy
2026-02-13,pk
2026-02-14,kz
2026-02-15,vg
2026-02-16,nr
2026-02-17,sy
2026-02-18,tz
2026-02-19,pg
2026-02-20,de
2026-02-21,ba
2026-02-22,ml
2026-02-23,np
2026-02-24,ng
2026-02-25,gd
2026-02-26,cm
2026-02-27,sl
2026-02-28,py
2026-03-01,so
2026-03-02,gq
2026-03-03,iq
2026-03-04,ht
2026-03-05,me
2026-03-06,hr
2026-03-07,sa
2026-03-08,zw
2026-03-09,tm
2026-03-10,no
2026-03-11,bt
2026-03-12,cy
2026-03-13,ci
2026-03-14,gb
2026-03-15,eg
2026-03-16,ro
2026-03-17,ee
2026-03-18,kg
2026-03-19,mt
2026-03-20,bb
2026-03-21,sd
2026-03-22,tl
2026-03-23,ni
2026-03-24,om
2026-03-25,us
2026-03-26,ca
2026-03-27,gr
2026-03-28,ad
2026-03-29,ki
2026-03-30,lv
2026-03-31,pa
2026-04-01,bd
2026-04-02,at
2026-04-03,sh
2026-04-04,ck
2026-04-05,bi
2026-04-06,ke
2026-04-07,et
2026-04-08,uz
2026-04-09,fj
2026-04-10,mk
2026-04-11,ky
2026-04-12,ve
2026-04-13,dz
2026-04-14,tc
2026-04-15,rw
2026-04-16,as
2026-04-17,ly
2026-04-18,rs
2026-04-19,za
2026-04-20,pe
2026-04-21,mx
2026-04-22,ru
2026-04-23,ph
2026-04-24,kn
2026-04-25,co
2026-04-26,ec
2026-04-27,ma
2026-04-28,tr
2026-04-29,pf
2026-04-30,tv
2026-05-01,md
2026-05-02,kr
2026-05-03,bj
2026-05-04,gw
2026-05-05,la
2026-05-06,nc
2026-05-07,sm
2026-05-08,it
2026-05-09,hu
2026-05-10,kp
2026-05-11,in
2026-05-12,mn
2026-05-13,vc
2026-05-14,pl
2026-05-15,jo
2026-05-16,ua
2026-05-17,ao
2026-05-18,cd
2026-05-19,ie
2026-05-20,is
2026-05-21,fr
2026-05-22,mr
2026-05-23,fm
2026-05-24,bn
2026-05-25,lt
2026-05-26,au
2026-05-27,bw
2026-05-28,vu
2026-05-29,tk
2026-05-30,mo
2026-05-31,gl
2026-06-01,th
2026-06-02,cg
2026-06-03,se
2026-06-04,cl
2026-06-05,nu
2026-06-06,tj
2026-06-07,pn
2026-06-08,aw
2026-06-09,az
2026-06-10,pw
2026-06-11,st
2026-06-12,ug
2026-06-13,il
2026-06-14,bm
2026-06-15,ss
2026-06-16,mh
2026-06-17,ir
2026-06-18,gh
2026-06-19,nf
2026-06-20,nz
2026-06-21,by
2026-06-22,zm
2026-06-23,lb
2026-06-24,sz
2026-06-25,sk
2026-06-26,lr
2026-06-27,vn
2026-06-28,mu
2026-06-29,am
2026-06-30,lu
2026-07-01,al
2026-07-02,ar
2026-07-03,wf
2026-07-04,cv
2026-07-05,gm
2026-07-06,na
2026-07-07,lc
2026-07-08,nl
2026-07-09,hk
2026-07-10,km
2026-07-11,mm
2026-07-12,sg
2026-07-13,to
2026-07-14,hn
2026-07-15,si
2026-07-16,ne
2026-07-17,my
2026-07-18,bl
2026-07-19,cc
2026-07-20,ms
2026-07-21,ls
2026-07-22,cf
2026-07-23,cu
2026-07-24,mp
2026-07-25,kw
2026-07-26,ws
2026-07-27,ye
2026-07-28,ae
2026-07-29,td
2026-07-30,id
2026-07-31,bg
2026-08-01,cr
2026-08-02,jp
2026-08-03,cx
2026-08-04,tn
2026-08-05,sv
2026-08-06,cn
2026-08-07,bq
2026-08-08,fi
2026-08-09,mz
2026-08-10,mw
2026-08-11,tf
2026-08-12,ai
2026-08-13,tw
2026-08-14,pm
2026-08-15,gt
2026-08-16,ge
2026-08-17,tt
2026-08-18,gi
2026-08-19,ga
2026-08-20,bf
2026-08-21,bz
2026-08-22,es
2026-08-23,qa
2026-08-24,af
2026-08-25,lk
2026-08-26,mv
2026-08-27,jm
2026-08-28,sb
2026-08-29,mf
2026-08-30,sn
2026-08-31,sc
2026-09-01,tg
2026-09-02,pt
2026-09-03,kh
2026-09-04,bh
2026-09-05,sr
2026-09-06,gn
2026-09-07,fk
2026-09-08,mg
2026-09-09,dj
2026-09-10,cz
2026-09-11,ch
2026-09-12,be
2026-09-13,bs
2026-09-14,er
2026-09-15,ag
2026-09-16,dm
2026-09-17,do
2026-09-18,br
2026-09-19,dk
2026-09-20,bo
2026-09-21,gy
2026-09-22,uy
2026-09-23,pk
2026-09-24,kz
2026-09-25,vg
2026-09-26,nr
2026-09-27,sy
2026-09-28,tz
2026-09-29,pg
2026-09-30,de
2026-10-01,ba
2026-10-02,ml
2026-10-03,np
2026-10-04,ng
2026-10-05,gd
2026-10-06,cm
2026-10-07,sl
2026-10-08,py
2026-10-09,so
2026-10-10,gq
2026-10-11,iq
2026-10-12,ht
2026-10-13,me
2026-10-14,hr
2026-10-15,sa
2026-10-16,zw
2026-10-17,tm
2026-10-18,no
2026-10-19,bt
2026-10-20,cy
2026-10-21,ci
2026-10-22,gb
2026-10-23,eg
2026-10-24,ro
2026-10-25,ee
2026-10-26,kg
2026-10-27,mt
2026-10-28,bb
2026-10-29,sd
2026-10-30,tl
2026-10-31,ni
2026-11-01,om
2026-11-02,us
2026-11-03,ca
2026-11-04,gr
2026-11-05,ad
2026-11-06,ki
2026-11-07,lv
2026-11-08,pa
2026-11-09,bd
2026-11-10,at
2026-11-11,sh
2026-11-12,ck
2026-11-13,bi
2026-11-14,ke
2026-11-15,et
2026-11-16,uz
2026-11-17,fj
2026-11-18,mk
2026-11-19,ky
2026-11-20,ve
2026-11-21,dz
2026-11-22,tc
2026-11-23,rw
2026-11-24,as
2026-11-25,ly
2026-11-26,rs
2026-11-27,za
2026-11-28,pe
2026-11-29,mx
2026-11-30,ru
2026-12-01,ph
2026-12-02,kn
2026-12-03,co
2026-12-04,ec
2026-12-05,ma
2026-12-06,tr
2026-12-07,pf
2026-12-08,tv
2026-12-09,md
2026-12-10,kr
2026-12-11,bj
2026-12-12,gw
2026-12-13,la
2026-12-14,nc
2026-12-15,sm
2026-12-16,it
2026-12-17,hu
2026-12-18,kp
2026-12-19,in
2026-12-20,mn
2026-12-21,vc
2026-12-22,pl
2026-12-23,jo
2026-12-24,ua
2026-12-25,ao
2026-12-26,cd
2026-12-27,ie
2026-12-28,is
2026-12-29,fr
2026-12-30,mr
2026-12-31,fm
